{"cameraMode":{"drawMode":0,"name":"Shaded","section":"Shading Mode"},"sceneLighting":true,"audioPlay":false,"sceneViewState":{"m_AlwaysRefresh":false,"showFog":true,"showSkybox":true,"showFlares":true,"showImageEffects":true,"showParticleSystems":true,"showVisualEffectGraphs":true,"m_FxEnabled":true},"in2DMode":false,"pivot":{"x":0.299737811088562,"y":1.745993733406067,"z":-0.4107584059238434},"rotation":{"x":0.028175514191389085,"y":-0.04646967351436615,"z":0.0013113879831507803,"w":0.9985256195068359},"size":1.1783506870269776,"orthographic":false}