{"cameraMode":{"drawMode":0,"name":"Shaded","section":"Shading Mode"},"sceneLighting":true,"audioPlay":false,"sceneViewState":{"m_AlwaysRefresh":false,"showFog":true,"showSkybox":true,"showFlares":true,"showImageEffects":true,"showParticleSystems":true,"showVisualEffectGraphs":true,"m_FxEnabled":true},"in2DMode":false,"pivot":{"x":16.23950958251953,"y":1.0831884145736695,"z":1.389721155166626},"rotation":{"x":0.1517176628112793,"y":0.19578978419303895,"z":-0.030674533918499948,"w":0.9683706760406494},"size":3.2255513668060304,"orthographic":false}